Category,Sub-Category,Sl.No.,Ministry/Department,Scheme,2021-2022 Actuals,2022-2023 Budget Estimates,2022-2023 Revised Estimates,2023-2024 Budget Estimates
PART A: 100% Women specific programmes,Demand No. 2,1,Department of Agricultural Research and Education,"Central Institute for Women in Agriculture, Bhubaneshwar",5.08,3.64,4.34,4.9
PART A: 100% Women specific programmes,Demand No. 2,2,Department of Agricultural Research and Education,"All India Co-ordinated Research Project on Home Science, Bhubneshwar",4,4.8,4.3,4.75
PART A: 100% Women specific programmes,Demand No. 2,NA,Department of Agricultural Research and Education,Total,9.08,8.44,8.64,9.65
PART A: 100% Women specific programmes,Demand No. 4,1,Ministry of Ayush,"North Eastern Institute of Ayurveda and Homeopathy, Shillong",4.41,0,0,0
PART A: 100% Women specific programmes,Demand No. 4,2,Ministry of Ayush,Central Council For Research in Siddha (CCRS),0.2,0.44,0.28,0.32
PART A: 100% Women specific programmes,Demand No. 4,3,Ministry of Ayush,Central Council for Research in Ayurvedic Sciences (CCRAS),7,5.1,2.72,5
PART A: 100% Women specific programmes,Demand No. 4,4,Ministry of Ayush,National Institute of Ayurveda,13,13.5,13.5,15
PART A: 100% Women specific programmes,Demand No. 4,NA,Ministry of Ayush,Total,24.61,19.04,16.5,20.32
PART A: 100% Women specific programmes,Demand No. 10,1,Department of Commerce,Training and Development (Rubber Board),0.17,0,0.16,0.32
PART A: 100% Women specific programmes,Demand No. 12,1,Department of Posts,Estate Management,0,1,1,1
PART A: 100% Women specific programmes,Demand No. 26,1,Department of Higher Education,Prime Minister's Girls' Hostel,0,20,5,10
PART A: 100% Women specific programmes,Demand No. 29,1,Ministry of External Affairs,"Setting of unit producing low cost, biodegradable and compostable Sanitary Pads in Ethiopia",0,2.83,0,0
PART A: 100% Women specific programmes,Demand No. 29,2,Ministry of External Affairs,Donation of Sewing machines to Namibia,0,0.38,0,0.75
PART A: 100% Women specific programmes,Demand No. 29,3,Ministry of External Affairs,"Distribution of LPG gas stoves and cylinders to poor, underprivileged and marginalized families of five municipalities in Mahottari-3, Province -2 of Nepal.",0,4.99,0,1.56
PART A: 100% Women specific programmes,Demand No. 29,4,Ministry of External Affairs,Distribution of LPG gas stoves cylinders and necessary accessories to 3000 poor underprivileged and marginalized families of Sarlahi Rautahat and Saptari districts in Province 2.,0,2.05,1.28,0
PART A: 100% Women specific programmes,Demand No. 29,5,Ministry of External Affairs,Afghan National Army Women Special Cadre Training at Indian Defence Institute,0,0.46,0,0
PART A: 100% Women specific programmes,Demand No. 29,6,Ministry of External Affairs,"Construction of a Five-Storied Women's Hostel at Umesh Chandra Nirmala Bala Chatrabash, Chalibandar, Sylhet",0,0.39,0,0
PART A: 100% Women specific programmes,Demand No. 29,7,Ministry of External Affairs,Donation of Sewing machines to Zimbabwe,0,0.38,0.54,0.06
PART A: 100% Women specific programmes,Demand No. 29,8,Ministry of External Affairs,Construction of india Palestine center for empowering women in palestine,0,0,3,3
PART A: 100% Women specific programmes,Demand No. 29,9,Ministry of External Affairs,"Setting up of 04 Barefoot Vocational Training Centres (BVTCs) in African countries through Barefoot College, Tilonia (Senegal, Tanzania, Burkina Faso, Liberia)",0,0,0,3
PART A: 100% Women specific programmes,Demand No. 29,10,Ministry of External Affairs,Setting up of unit producing low cost biodegradable and composite sanitary pads to Ethiopia,0,0,0,3.78
PART A: 100% Women specific programmes,Demand No. 29,11,Ministry of External Affairs,"One Stop Centres (OSC) (Bahrain,Qatar,Dubai,Kuwait,Oman , Riyadh , Jeddah, Singapore and Canada)",0,0,1.25,7.34
PART A: 100% Women specific programmes,Demand No. 29,12,Ministry of External Affairs,"Solar electrification of 2800 houses in 14 PICs and provide llivelihood including training of women solar engineers,'Solar Mamas'.(14 Pacific Island Countries PNG, Solomon Islands, Fiji, Tonga, Tuvalu,Kiribati,Samoa,Niue,Vanuatu,Cook Islands,Nauru,Pa",0,0,5,0
PART A: 100% Women specific programmes,Demand No. 29,13,Ministry of External Affairs,Construction of shelter for victims of crime primarily use of gender or family violence against women,0,0,3,3
PART A: 100% Women specific programmes,Demand No. 29,14,Ministry of External Affairs,Proposal for new project for supply of furniture etc for the girls hostel Umesh Chandra Nirmala Bala Chatrabash in Sylhet,1.55,0,0.32,0.21
PART A: 100% Women specific programmes,Demand No. 29,NA,Ministry of External Affairs,Total,1.55,11.48,14.39,22.7
PART A: 100% Women specific programmes,Demand No. 47,1,Department of Health Research,Research Studies by ICMR,71.52,72.36,90,96.47
PART A: 100% Women specific programmes,Demand No. 49,1,Ministry of Home Affairs,Grant in aid to Govt. of Tripura for maintenance of Brus lodged in relief camps of Tripura,130.08,0,130,220
PART A: 100% Women specific programmes,Demand No. 51,1,Police,"Schemes like Day Care Centre, Gender Sensitization, Health and Nutritional Care Centre etc. of Sashastra Seema Bal",0.35,0.45,0.26,0.28
PART A: 100% Women specific programmes,Demand No. 51,2,Police,"Opening of Creche, Day Care Centre, Gender Sensitization, Health Care Centre, Nutritional Care Centre, Women's Rest rooms by ITBP",0.05,0.06,0.08,0.07
PART A: 100% Women specific programmes,Demand No. 51,3,Police,Women Specific Programme of BSF,2,2,1,1
PART A: 100% Women specific programmes,Demand No. 51,4,Police,Women Specific Programme of Assam Rifles,0.2,0.25,8.28,38.64
PART A: 100% Women specific programmes,Demand No. 51,5,Police,"Schemes like Day Care Centre, Gender Sensitization, Health and Nutritional Care Centre etc. of CRPF",0.62,0.62,0.62,0.65
PART A: 100% Women specific programmes,Demand No. 51,6,Police,"Day Care Centre, Gender Sensitization, Health and Nutritional Care Centre etc. of CENTRAL INDUSTRIAL SECURITY FORCE",0.25,0.35,0.34,0.36
PART A: 100% Women specific programmes,Demand No. 51,7,Police,Safe City Projects,37.89,520.04,165.11,1300.1
PART A: 100% Women specific programmes,Demand No. 51,8,Police,Training and Capacity Building,9,16,13,16
PART A: 100% Women specific programmes,Demand No. 51,9,Police,Emergency Response Support System,100,250,36.13,221
PART A: 100% Women specific programmes,Demand No. 51,10,Police,Strengthening of Central Forensic Science Laboratories Chandigarh,1.96,28.55,28.55,35
PART A: 100% Women specific programmes,Demand No. 51,11,Police,Strengthening of State Forensic Science Laboratories,18.31,50,50,0
PART A: 100% Women specific programmes,Demand No. 51,12,Police,Anti Human Trafficking Units/ Women Help Desk,0,28,0,0
PART A: 100% Women specific programmes,Demand No. 51,NA,Police,Total,170.63,896.32,303.37,1613.1
PART A: 100% Women specific programmes,Demand No. 52,1,Andaman and Nicobar Islands,Women Empowerment,26.39,31.01,29.44,30.45
PART A: 100% Women specific programmes,Demand No. 53,1,Chandigarh,Empowerment of Women,17.6,17.6,17.6,16.95
PART A: 100% Women specific programmes,Demand No. 53,2,Chandigarh,"Women Polytechnic, Girls Hostel",6.44,7.1,7.16,7.16
PART A: 100% Women specific programmes,Demand No. 53,3,Chandigarh,"Incentives to girls students, women education, working women hostel, and laptop and bycycle to girls students",21.65,25.87,22.35,26.13
PART A: 100% Women specific programmes,Demand No. 53,4,Chandigarh,Government ITI for women,3.54,4.64,4.65,3.56
PART A: 100% Women specific programmes,Demand No. 53,5,Chandigarh,Assistance to SC Women,0.01,0.02,0.01,0.01
PART A: 100% Women specific programmes,Demand No. 53,6,Chandigarh,"Creches, Aganwadi Centre, Apni Beti Apna Dhan Scheme, National Family Benefits Schemes etc.",17.6,17.6,9.06,9.3
PART A: 100% Women specific programmes,Demand No. 53,7,Chandigarh,Upgradation of CHC,21.25,24,24.11,22.66
PART A: 100% Women specific programmes,Demand No. 53,NA,Chandigarh,Total,88.09,96.83,84.94,85.77
PART A: 100% Women specific programmes,Demand No. 54,1,Dadra and Nagar Haveli and Daman and Diu,"Scholarship, Health Insurance, Free Bicycle, Sukanya Satkar Yojana for U.T of Dadra and Nagar Haveli and Daman and Diu",18,18.8,18.8,18
PART A: 100% Women specific programmes,Demand No. 54,2,Dadra and Nagar Haveli and Daman and Diu,"Assistance, Training, Balika Shivir, Empowerment and Education for UT of Dadra and Nagar Haveli and Daman and Diu",0,0.45,0.45,0.45
PART A: 100% Women specific programmes,Demand No. 54,NA,Dadra and Nagar Haveli and Daman and Diu,Total,18,19.25,19.25,18.45
PART A: 100% Women specific programmes,Demand No. 55,1,Ladakh,Women in Distress,2.55,2.7,2.7,2.7
PART A: 100% Women specific programmes,Demand No. 55,2,Ladakh,Assistance for Marriage,0.7,0.7,0.7,0.7
PART A: 100% Women specific programmes,Demand No. 55,NA,Ladakh,Total,3.25,3.4,3.4,3.4
PART A: 100% Women specific programmes,Demand No. 56,1,Lakshadweep,Scheme for child and women development,2.8,2.85,2.85,2.75
PART A: 100% Women specific programmes,Demand No. 60,1,Ministry of Housing and Urban Affairs,Pradhan Mantri Awas Yojana (Urban),59963.04,0,28708.01,25103.03
PART A: 100% Women specific programmes,Demand No. 68,1,"Ministry of Micro, Small and Medium Enterprises",Mahila Coir Yojna,3.82,4.21,4.21,5.6
PART A: 100% Women specific programmes,Demand No. 70,1,Ministry of Minority Affairs,Scheme for Leadership Development of Minority Women,2.99,2.5,2,0.1
PART A: 100% Women specific programmes,Demand No. 76,1,Ministry of Petroleum and Natural Gas,LPG connection to Poor Households,1568.44,0,8010,0.01
PART A: 100% Women specific programmes,Demand No. 86,1,Ministry of Road Transport and Highways,Scheme for Safety of Women on Public Road Transport,27.92,20,30,50
PART A: 100% Women specific programmes,Demand No. 87,1,Department of Rural Development,Rural Housing (Pradhan Mantri Awaas Yojana),30056.88,20000,48422,54487
PART A: 100% Women specific programmes,Demand No. 87,2,Department of Rural Development,Indira Gandhi National Widow Pension Scheme,1769.2,2027,2027,2027
PART A: 100% Women specific programmes,Demand No. 87,NA,Department of Rural Development,Total,31826.08,22027,50449,56514
PART A: 100% Women specific programmes,Demand No. 89,1,Department of Science and Technology,DISHA Programme for women in science,96.71,125,81,131.2
PART A: 100% Women specific programmes,Demand No. 91,1,Department of Scientific and Industrial Research,TDUPW,1.92,2.5,2.6,1.6
PART A: 100% Women specific programmes,Demand No. 92,1,Ministry of Skill Development and Entrepreneurship,National Skill Training Institution,48.74,65.85,64.28,68
PART A: 100% Women specific programmes,Demand No. 99,1,Ministry of Tourism,Safe Tourist destinations for women,0,0,5.27,5.27
PART A: 100% Women specific programmes,Demand No. 101,1,Ministry of Women and Child Development,Other Scheme Funded from Nirbhaya Fund,2.55,20,20,20
PART A: 100% Women specific programmes,Demand No. 101,2,Ministry of Women and Child Development,Central Social Welfare Board,63.73,37.74,50.41,40.06
PART A: 100% Women specific programmes,Demand No. 101,3,Ministry of Women and Child Development,National Commission for Women,25.79,27,33.7,42
PART A: 100% Women specific programmes,Demand No. 101,4,Ministry of Women and Child Development,Saksham Anganwadi and Poshan 2.0,18,150,150,870
PART A: 100% Women specific programmes,Demand No. 101,5,Ministry of Women and Child Development,SAMBAL,179.35,562,333,562
PART A: 100% Women specific programmes,Demand No. 101,6,Ministry of Women and Child Development,SAMARTHYA,1733.03,2547.11,1911.93,2496.96
PART A: 100% Women specific programmes,Demand No. 101,NA,Ministry of Women and Child Development,Total,2022.45,3343.85,2499.04,4031.02
PART A Total :,PART A Total :,PART A Total :,PART A Total :,PART A Total :,96108.28,26772.89,90564.35,88044.21
PART B: 30% Women specific programmes,Demand No. 1,1,Department of Agriculture and Farmers Welfare,Sub-Mission on Agriculture Mechanisation,78.75,0,0,0
PART B: 30% Women specific programmes,Demand No. 1,2,Department of Agriculture and Farmers Welfare,National Project on Soil Health and Fertility,23.63,0,0,0
PART B: 30% Women specific programmes,Demand No. 1,3,Department of Agriculture and Farmers Welfare,Rainfed Area Development and Climate change,13.5,0,0,0
PART B: 30% Women specific programmes,Demand No. 1,4,Department of Agriculture and Farmers Welfare,National Project on Agro-Forestry,2.55,0,0,0
PART B: 30% Women specific programmes,Demand No. 1,5,Department of Agriculture and Farmers Welfare,Parampragat Krishi Vikas Yojna,33.75,0,0,0
PART B: 30% Women specific programmes,Demand No. 1,6,Department of Agriculture and Farmers Welfare,Rashtriya Krishi Vikas Yojna,278.43,0,0,0
PART B: 30% Women specific programmes,Demand No. 1,7,Department of Agriculture and Farmers Welfare,Pradhan Mantri Krishi Sinchai Yojna-Per-Drop More Crop,300,0,0,0
PART B: 30% Women specific programmes,Demand No. 1,8,Department of Agriculture and Farmers Welfare,National Food Security Mission,157.2,0,0,0
PART B: 30% Women specific programmes,Demand No. 1,9,Department of Agriculture and Farmers Welfare,Sub - Mission on Seed and Planting Material,33.6,91.5,75,0
PART B: 30% Women specific programmes,Demand No. 1,10,Department of Agriculture and Farmers Welfare,Sub - Mission on Agriculture Extension,88.03,300,240,0
PART B: 30% Women specific programmes,Demand No. 1,11,Department of Agriculture and Farmers Welfare,Organic Value Chain Development for North East Region,15,59.4,39,0
PART B: 30% Women specific programmes,Demand No. 1,12,Department of Agriculture and Farmers Welfare,Krishonnati Yojna,0,0,0,2119.94
PART B: 30% Women specific programmes,Demand No. 1,13,Department of Agriculture and Farmers Welfare,National Food and Nutrition Security Mission (NFNSM),0,418.5,270,0
PART B: 30% Women specific programmes,Demand No. 1,14,Department of Agriculture and Farmers Welfare,National Mission on Edible Oil-Oil Palm (NMEO-OP),0,270,210,0
PART B: 30% Women specific programmes,Demand No. 1,15,Department of Agriculture and Farmers Welfare,National Mission on Edible Oil-Oilseeds (NMEO-OS),0,180,150,0
PART B: 30% Women specific programmes,Demand No. 1,16,Department of Agriculture and Farmers Welfare,Mission for Integrated Development of Horticulture,178.88,570,330,0
PART B: 30% Women specific programmes,Demand No. 1,NA,Department of Agriculture and Farmers Welfare,Total,1203.32,1889.4,1314,2119.94
PART B: 30% Women specific programmes,Demand No. 2,1,Department of Agricultural Research and Education,ICAR-National Agricultural Innovation Project,0,0,0.8,0.43
PART B: 30% Women specific programmes,Demand No. 3,1,Atomic Energy,Women and Child Welfare,17,25,25,25
PART B: 30% Women specific programmes,Demand No. 4,1,Ministry of Ayush,National Institute of Naturopathy,0.04,0.05,0.05,0.06
PART B: 30% Women specific programmes,Demand No. 4,2,Ministry of Ayush,Central Council for Research in Homoeopathy (CCRH),18,15,15,15
PART B: 30% Women specific programmes,Demand No. 4,3,Ministry of Ayush,Rashtriya Ayurveda Vidyapeeth (RAV),3.36,5,7.5,8.26
PART B: 30% Women specific programmes,Demand No. 4,4,Ministry of Ayush,Central Council for Research in Unani Medicine,8,11.25,9,8.5
PART B: 30% Women specific programmes,Demand No. 4,NA,Ministry of Ayush,Total,29.4,31.3,31.55,31.82
PART B: 30% Women specific programmes,Demand No. 10,1,Department of Commerce,Women Welfare Activities in Plantation Boards,0,5,0,0
PART B: 30% Women specific programmes,Demand No. 10,2,Department of Commerce,"Training, Labour Welfare (Rubber Board)",0.05,0,0.35,0.45
PART B: 30% Women specific programmes,Demand No. 10,NA,Department of Commerce,Total,0.05,5,0.35,0.45
PART B: 30% Women specific programmes,Demand No. 14,1,Department of Consumer Affairs,Consumer Awareness Scheme,0,12.13,8.48,8.72
PART B: 30% Women specific programmes,Demand No. 14,2,Department of Consumer Affairs,Strengtheing of Legal Metrology Scheme,0,0,0,13.57
PART B: 30% Women specific programmes,Demand No. 14,NA,Department of Consumer Affairs,Total,0,12.13,8.48,22.29
PART B: 30% Women specific programmes,Demand No. 18,1,Ministry of Culture,Financial Assistance for Promotion of Art and Culture,18.1,18.1,18.1,19
PART B: 30% Women specific programmes,Demand No. 18,2,Ministry of Culture,Fellowship Scheme,3.47,3.5,3.5,3.7
PART B: 30% Women specific programmes,Demand No. 18,3,Ministry of Culture,Zonal Cultural Centres,13,14,14,14.7
PART B: 30% Women specific programmes,Demand No. 18,4,Ministry of Culture,Artist pension Scheme,2,2.4,2.4,2.5
PART B: 30% Women specific programmes,Demand No. 18,NA,Ministry of Culture,Total,36.57,38,38,39.9
PART B: 30% Women specific programmes,Demand No. 24,1,Ministry of Earth Sciences,Atmosphere and Climate Research Modelling Observing Systems and Services (ACROSS),33.5,34,34,35
PART B: 30% Women specific programmes,Demand No. 24,2,Ministry of Earth Sciences,"Research, Education and Training Outreach (REACHOUT)",20,20,19,20
PART B: 30% Women specific programmes,Demand No. 24,3,Ministry of Earth Sciences,Ocean Services Modelling Applications Resources and Technology (O-SMART),71,80,70,80
PART B: 30% Women specific programmes,Demand No. 24,NA,Ministry of Earth Sciences,Total,124.5,134,123,135
PART B: 30% Women specific programmes,Demand No. 25,1,Department of School Education and Literacy,Kendriya Vidyalaya Sangathan,2040,2295,2253.6,2509.19
PART B: 30% Women specific programmes,Demand No. 25,2,Department of School Education and Literacy,Navodaya Vidyalaya Samiti,1122,1234.5,1476.09,1645.95
PART B: 30% Women specific programmes,Demand No. 25,3,Department of School Education and Literacy,Samagra Shiksha,7518.26,11215.01,9645.5,11236.04
PART B: 30% Women specific programmes,Demand No. 25,4,Department of School Education and Literacy,Pradhan Mantri Poshan Shakti Nirman (PM POSHAN),3069.29,3070.13,6400,5800
PART B: 30% Women specific programmes,Demand No. 25,5,Department of School Education and Literacy,PM Schools for Rising India (PM SHRI),0,0,0,1200
PART B: 30% Women specific programmes,Demand No. 25,NA,Department of School Education and Literacy,Total,13749.55,17814.64,19775.19,22391.18
PART B: 30% Women specific programmes,Demand No. 26,1,Department of Higher Education,"University Grants Commission including Central Universities, Deemed Universities andAICTE",4894.72,5194.83,5842.22,6133.73
PART B: 30% Women specific programmes,Demand No. 26,2,Department of Higher Education,Indira Gandhi National Open University,36.05,36.75,36.75,36.75
PART B: 30% Women specific programmes,Demand No. 26,3,Department of Higher Education,National Institutes of Technical Teachers Training and Research,49.47,78.75,70.35,52.5
PART B: 30% Women specific programmes,Demand No. 26,4,Department of Higher Education,Scholarship for College and University Students,95.98,125.93,121,0
PART B: 30% Women specific programmes,Demand No. 26,5,Department of Higher Education,National Mission on Education through ICT,29.93,140,140,140
PART B: 30% Women specific programmes,Demand No. 26,6,Department of Higher Education,Support to Indian Institutes of Technology,3219.16,3359.95,3646.95,3838.22
PART B: 30% Women specific programmes,Demand No. 26,7,Department of Higher Education,Support to Indian Institutes of Management,292.95,294.26,273.7,135
PART B: 30% Women specific programmes,Demand No. 26,8,Department of Higher Education,National Institute of Industrial Engineering,18.69,22.75,22.75,26.25
PART B: 30% Women specific programmes,Demand No. 26,9,Department of Higher Education,Support to National Institutes of Technology,1219.89,1527.4,1555.4,1687.21
PART B: 30% Women specific programmes,Demand No. 26,10,Department of Higher Education,Grants for promotion of Indian languages,61.78,87.5,87.5,105.25
PART B: 30% Women specific programmes,Demand No. 26,11,Department of Higher Education,"Support to Indian Institute of Science, Bangalore",209.65,248.8,284.5,285.39
PART B: 30% Women specific programmes,Demand No. 26,12,Department of Higher Education,Indian Institutes of Science Education and Research,361.22,482.84,489.14,511.7
PART B: 30% Women specific programmes,Demand No. 26,13,Department of Higher Education,Interest Subsidy and Contribution to Guarantee Fund,484.82,490,374.5,0
PART B: 30% Women specific programmes,Demand No. 26,14,Department of Higher Education,"Assistance to other Institutes including SLIET, NERIST, NIFFT Ranchi and CIT Kokrajhar",115.06,126.88,126.18,138.6
PART B: 30% Women specific programmes,Demand No. 26,15,Department of Higher Education,Schools of Planning and Architecture,40.25,54.22,54.22,61.25
PART B: 30% Women specific programmes,Demand No. 26,16,Department of Higher Education,Rashtriya Uchchatar Shiksha Abhiyan (RUSA),84.82,715.03,126.23,525
PART B: 30% Women specific programmes,Demand No. 26,17,Department of Higher Education,e-Shodh Sindhu,52.5,0,0,0
PART B: 30% Women specific programmes,Demand No. 26,18,Department of Higher Education,National Initiative for Excellence for Humanities and Social Sciences,69.39,109.09,100.92,140
PART B: 30% Women specific programmes,Demand No. 26,19,Department of Higher Education,PM Research Fellowship,38.92,70,105,140
PART B: 30% Women specific programmes,Demand No. 26,20,Department of Higher Education,PM-Uchhatar Shiksha Protsahan,0,0,0,668.22
PART B: 30% Women specific programmes,Demand No. 26,NA,Department of Higher Education,Total,11375.25,13164.98,13457.31,14625.07
PART B: 30% Women specific programmes,Demand No. 27,1,Ministry of Electronics and Information Technology,Pradhan Mantri Gramin Digital Sakshrta Abhiyan,100,100,100,0
PART B: 30% Women specific programmes,Demand No. 27,2,Ministry of Electronics and Information Technology,Capacity Building and Skill Development Scheme,0,0,0,100
PART B: 30% Women specific programmes,Demand No. 27,NA,Ministry of Electronics and Information Technology,Total,100,100,100,100
PART B: 30% Women specific programmes,Demand No. 29,1,Ministry of External Affairs,Shree Araniko Higher Secondary School,0,0,0.51,0.51
PART B: 30% Women specific programmes,Demand No. 29,2,Ministry of External Affairs,Supply of 10 Ambulances to Tanzania,0,2.61,0,0
PART B: 30% Women specific programmes,Demand No. 29,3,Ministry of External Affairs,Gifting of 78 ambulances and 18 buses to various government hospitals/non-profit charitable organizations and educational institutions in different parts of Nepal during the CFY 2021-22,8.31,9,9,10
PART B: 30% Women specific programmes,Demand No. 29,4,Ministry of External Affairs,"HICDP- Construction of Shree Pashupati Shiksha Mandir, Kanchanpur District",0,0.53,0.41,0.41
PART B: 30% Women specific programmes,Demand No. 29,5,Ministry of External Affairs,"Malika Higher Secondary School, Dailekh",0.52,0.83,0,0
PART B: 30% Women specific programmes,Demand No. 29,6,Ministry of External Affairs,"Shree Janajagriti Hr. Sec. School, Guthee Parsauni, Nawalparasi",0,0.53,0.31,0
PART B: 30% Women specific programmes,Demand No. 29,7,Ministry of External Affairs,"Shree Chandeshwari Hr. Sec. School, Ragani, Okhaldunga",0,0.21,0.31,0
PART B: 30% Women specific programmes,Demand No. 29,8,Ministry of External Affairs,"Shree Faud Singh Janata Sec. School, Raniganj, Sarlahi",0,0.18,0,0
PART B: 30% Women specific programmes,Demand No. 29,9,Ministry of External Affairs,Construction of 25 community building for Dalit People in 24 villages of Sarlahi District.,0.78,1.25,0.78,0.78
PART B: 30% Women specific programmes,Demand No. 29,10,Ministry of External Affairs,"HICDP- Construction of School building for Shree Bal Govinda Janata Higher Secondary School, Pipariya-7, Sarlahi District.",0.11,0.17,0,0
PART B: 30% Women specific programmes,Demand No. 29,11,Ministry of External Affairs,"HICDP- Construction of School building of Baidyanath Devnarayan Public Higher Secondary School, Tulsiyahi, Dhanusha District",0.46,0.74,0.74,0.74
PART B: 30% Women specific programmes,Demand No. 29,12,Ministry of External Affairs,"Construction of monestry building for Shree Pal Evam, Namgyal Monastic Choonup, Mustang",0.16,0.26,0,0
PART B: 30% Women specific programmes,Demand No. 29,13,Ministry of External Affairs,"Tribhuvan Janata Hr. Sec. School, Misikot, Rukum",0,0.4,0.4,0
PART B: 30% Women specific programmes,Demand No. 29,14,Ministry of External Affairs,Shree Naharpur Secondary School Butwal 11 Naraharpur,0.37,1.41,0.37,0.37
PART B: 30% Women specific programmes,Demand No. 29,15,Ministry of External Affairs,"Tribhuvan Higher Secondary School, Bulingtar, Nawalparasi",0,0.71,0.44,0
PART B: 30% Women specific programmes,Demand No. 29,16,Ministry of External Affairs,"Construction of Shree Bhawani Higher Secondary School, Bhumisthan",0,0,0.61,0.61
PART B: 30% Women specific programmes,Demand No. 29,17,Ministry of External Affairs,"Construction of proposed Bal Mandir Secondary Schools Building, Triyuga Municipality, Gaighat",0.39,1.37,0.39,0.39
PART B: 30% Women specific programmes,Demand No. 29,18,Ministry of External Affairs,Rakhine State Development Programme,0,33.05,0,0
PART B: 30% Women specific programmes,Demand No. 29,19,Ministry of External Affairs,Basic Technical Training School,0,25,0,0
PART B: 30% Women specific programmes,Demand No. 29,20,Ministry of External Affairs,"School Building for Balabhadra Janata Higher Secondary School, Jhapa",0,0,0.42,0.42
PART B: 30% Women specific programmes,Demand No. 29,21,Ministry of External Affairs,"HICDP- Revalidation for construction of school building for Dharachaur Lower Secondary School, Purkotdaha in Gulmi District.",0,0,0.16,0
PART B: 30% Women specific programmes,Demand No. 29,22,Ministry of External Affairs,SDP-Construction of School Building of Shree Janakalyan Higher Secondary School in Makwanpur District,0,0,0.47,0
PART B: 30% Women specific programmes,Demand No. 29,23,Ministry of External Affairs,"Adarsha Multiple Campus, Gajuri",0.64,0.83,0.64,0
PART B: 30% Women specific programmes,Demand No. 29,24,Ministry of External Affairs,"SDP- Construction of school building for Shree Sudha Rajeshwar H. S. School, Chhatauna, Malangwa, Sarlahi District",0,0,0.54,0.54
PART B: 30% Women specific programmes,Demand No. 29,25,Ministry of External Affairs,Border Area Development,0,37.5,0,0
PART B: 30% Women specific programmes,Demand No. 29,26,Ministry of External Affairs,Setting up of IMITC at Monywa,2.27,0,4.5,0
PART B: 30% Women specific programmes,Demand No. 29,27,Ministry of External Affairs,Setting up of IMITC at Thaton,5.3,0,3.02,0
PART B: 30% Women specific programmes,Demand No. 29,28,Ministry of External Affairs,Artificial Limb fitment Camp,0,0,0.9,0
PART B: 30% Women specific programmes,Demand No. 29,29,Ministry of External Affairs,National Knowledge Network connectivity with Myanmar,0,0,0,3.2
PART B: 30% Women specific programmes,Demand No. 29,30,Ministry of External Affairs,National Knowledge Network connectivity with Bangladesh,0,0.9,0.9,0.9
PART B: 30% Women specific programmes,Demand No. 29,31,Ministry of External Affairs,Humanitarian Assistance to Rohingya,0,2.5,0,0
PART B: 30% Women specific programmes,Demand No. 29,32,Ministry of External Affairs,"Water Supply System in Gwa Township in Rakhine State under RSDP,Myanmar",0,0,4.91,0
PART B: 30% Women specific programmes,Demand No. 29,33,Ministry of External Affairs,"Setting up of cancer hospital in Myanmar for cancer research and treatment facilities, Myanmar",0,0,4.2,0
PART B: 30% Women specific programmes,Demand No. 29,34,Ministry of External Affairs,Scholarship Programme for Diaspora Children (India The SDPC Scheme pertains to scholarships provided to children of NRIs/PIOs/OCIs and children of Indian workers in Gulf countries pursuing under graduate studies in India.,0,0,12.89,9.95
PART B: 30% Women specific programmes,Demand No. 29,35,Ministry of External Affairs,"Tribhuwan Higher Secondary School,Bulingtar,Nawalparasi,Nepal",0,0,0.44,0
PART B: 30% Women specific programmes,Demand No. 29,36,Ministry of External Affairs,"Construction of 50 basic schools-HICDP, Myanmar",0,0,7.7,7.7
PART B: 30% Women specific programmes,Demand No. 29,37,Ministry of External Affairs,Construction of a building to house SENESE's Service for children with disabilities and people with hearing difficulties in Samoa,0,0,4,4
PART B: 30% Women specific programmes,Demand No. 29,38,Ministry of External Affairs,"Construction of Shree Bhawani Higher Secondary School, Bhumisthan, Sindhuli",0,0,0.61,0.61
PART B: 30% Women specific programmes,Demand No. 29,39,Ministry of External Affairs,"Solar electrification of 2800 houses in 14 PICs and provide livelihood including training of women solar engineers,'Solar Mamas'.",0,0,5,0
PART B: 30% Women specific programmes,Demand No. 29,NA,Ministry of External Affairs,Total,19.31,119.98,65.57,41.13
PART B: 30% Women specific programmes,Demand No. 43,1,Department of Fisheries,Pradhan Mantri Matsya Sampada Yojana,0,564,0,0
PART B: 30% Women specific programmes,Demand No. 44,1,Department of Animal Husbandry and Dairying,National Livestock Mission,0,123,0,0
PART B: 30% Women specific programmes,Demand No. 46,1,Department of Health and Family Welfare,AIIMS New Delhi,1811.14,2078.24,2182.52,2050.8
PART B: 30% Women specific programmes,Demand No. 46,2,Department of Health and Family Welfare,Lady Hardinge Medical College and Smt. S.K. Hospital,632.32,532.5,487.46,576.11
PART B: 30% Women specific programmes,Demand No. 46,3,Department of Health and Family Welfare,"Post Graduate Institute of Medical Education and Research, Chandigarh",659.3,699.2,703,730.78
PART B: 30% Women specific programmes,Demand No. 46,4,Department of Health and Family Welfare,JIPMER Puducherry,533.87,723.6,732.78,804.83
PART B: 30% Women specific programmes,Demand No. 46,5,Department of Health and Family Welfare,Development of Nursing Services,12.01,17.98,21.94,29.4
PART B: 30% Women specific programmes,Demand No. 46,6,Department of Health and Family Welfare,"National Institute of Mental Health and Neuro Sciences, Bengaluru",193.06,196,237.3,252.4
PART B: 30% Women specific programmes,Demand No. 46,7,Department of Health and Family Welfare,"All India Instutute of Speech and hearing, Mysore",15.16,52,31.2,50.02
PART B: 30% Women specific programmes,Demand No. 46,8,Department of Health and Family Welfare,Discretionary Grant,0.41,1.75,0.53,1.01
PART B: 30% Women specific programmes,Demand No. 46,9,Department of Health and Family Welfare,National Medical Library,7.39,12.4,12.4,14.89
PART B: 30% Women specific programmes,Demand No. 46,10,Department of Health and Family Welfare,Central Government Health Scheme,780.89,888,933.73,1065.72
PART B: 30% Women specific programmes,Demand No. 46,11,Department of Health and Family Welfare,National AIDS Control Programme,637.9,786.83,609.6,875.09
PART B: 30% Women specific programmes,Demand No. 46,12,Department of Health and Family Welfare,Safdarjung Hospital and Vardhman Mahaveer Medical College New Delhi,800.96,960.4,985.68,1037.87
PART B: 30% Women specific programmes,Demand No. 46,13,Department of Health and Family Welfare,Dr. RML Hospital,360.91,500.78,508.46,581.39
PART B: 30% Women specific programmes,Demand No. 46,14,Department of Health and Family Welfare,Kasturba Health Society,44.82,42.96,52.12,53.97
PART B: 30% Women specific programmes,Demand No. 46,15,Department of Health and Family Welfare,Contraception,93.13,110,97.99,108.97
PART B: 30% Women specific programmes,Demand No. 46,16,Department of Health and Family Welfare,Ayushman Bharat - Pradhan Mantri Jan Arogya Yojana (PMJAY),1526.62,3141.88,3141.88,3456
PART B: 30% Women specific programmes,Demand No. 46,17,Department of Health and Family Welfare,Infrastructure Maintenance,6606.07,6038.54,6609.75,6472.05
PART B: 30% Women specific programmes,Demand No. 46,18,Department of Health and Family Welfare,"Flexible Pool for RCH and Health System Strengthening , National Health Programme and National Urban Health Mission",12394.64,13937,13562.1,13798.06
PART B: 30% Women specific programmes,Demand No. 46,NA,Department of Health and Family Welfare,Total,27110.6,30720.06,30910.44,31959.36
PART B: 30% Women specific programmes,Demand No. 47,1,Department of Health Research,Research Studies by ICMR,55.11,62.63,63,70.53
PART B: 30% Women specific programmes,Demand No. 47,2,Department of Health Research,Human Resource and Capacity Development,0,12,13,12
PART B: 30% Women specific programmes,Demand No. 47,NA,Department of Health Research,Total,55.11,74.63,76,82.53
PART B: 30% Women specific programmes,Demand No. 49,1,Ministry of Home Affairs,"Census Survey and Statistics, RGI",509.48,0,104.43,710.41
PART B: 30% Women specific programmes,Demand No. 49,2,Ministry of Home Affairs,Swantantrata Sainik Samman Yojana,717.85,0,683.19,649.03
PART B: 30% Women specific programmes,Demand No. 49,3,Ministry of Home Affairs,Relief Assistance to Sri Lankan Refugees living in Tamilnadu,80,0,80,0
PART B: 30% Women specific programmes,Demand No. 49,4,Ministry of Home Affairs,Grant in Aid to Govt of Tripura for Maintenance of Brus Lodged in relief camps,39,0,61.5,60
PART B: 30% Women specific programmes,Demand No. 49,NA,Ministry of Home Affairs,Total,1346.33,0,929.12,1419.44
PART B: 30% Women specific programmes,Demand No. 52,1,Andaman and Nicobar Islands,Welfare of Senior Citizens,43.21,49.29,47.05,51.01
PART B: 30% Women specific programmes,Demand No. 53,1,Chandigarh,"Nutrition Programme, Old age pension, Disability pension , Social Welfare etc.",46.03,27.5,40.8,44.19
PART B: 30% Women specific programmes,Demand No. 54,1,Dadra and Nagar Haveli and Daman and Diu,Women Welfare Scheme for UT of Dadra and Nagar Haveli and Daman and Diu,0,0.02,0.02,0.02
PART B: 30% Women specific programmes,Demand No. 54,2,Dadra and Nagar Haveli and Daman and Diu,Old Aged pension to women for UT of Dadra and Nagar Haveli and Daman and Diu,0,6.2,6.2,6.2
PART B: 30% Women specific programmes,Demand No. 54,3,Dadra and Nagar Haveli and Daman and Diu,Assistance to Widows forUT of Dadra and Nagar Haveli and Daman and Diu,0,1,1,0.21
PART B: 30% Women specific programmes,Demand No. 54,NA,Dadra and Nagar Haveli and Daman and Diu,Total,0,7.22,7.22,6.43
PART B: 30% Women specific programmes,Demand No. 56,1,Lakshadweep,Welfare and pension scheme,6.02,5.8,5.8,7.15
PART B: 30% Women specific programmes,Demand No. 56,2,Lakshadweep,Special nutrition programme,0.13,0.14,0.14,0.5
PART B: 30% Women specific programmes,Demand No. 56,NA,Lakshadweep,Total,6.15,5.94,5.94,7.65
PART B: 30% Women specific programmes,Demand No. 60,1,Ministry of Housing and Urban Affairs,Pradhan Mantri Awas Yojana (Urban),0,22955.06,0,0
PART B: 30% Women specific programmes,Demand No. 60,2,Ministry of Housing and Urban Affairs,Deendayal Antodya Yojana - National Urban Livelihoods Mission (DAY-NULM),397.1,450,275,0
PART B: 30% Women specific programmes,Demand No. 60,NA,Ministry of Housing and Urban Affairs,Total,397.1,23405.06,275,0
PART B: 30% Women specific programmes,Demand No. 63,1,Department of Drinking Water and Sanitation,Swachh Bharat Mission (Gramin),0,1915.01,1466.72,2279.9
PART B: 30% Women specific programmes,Demand No. 64,1,Ministry of Labour and Employment,National Child Labour Project including grants in aid to voluntary agencies and reimbursement of assistance to bonded labour,21.99,30,30,20
PART B: 30% Women specific programmes,Demand No. 64,2,Ministry of Labour and Employment,Labour Welfare Scheme,64.22,120,120,75
PART B: 30% Women specific programmes,Demand No. 64,3,Ministry of Labour and Employment,Pradhan Mantri Shram Yogi Maan-dhan (PM-SYM),324.23,350,350,350
PART B: 30% Women specific programmes,Demand No. 64,NA,Ministry of Labour and Employment,Total,410.44,500,500,445
PART B: 30% Women specific programmes,Demand No. 70,1,Ministry of Minority Affairs,Pradhan Mantri Jan Vikas Karyakaram,380.06,495,150,180
PART B: 30% Women specific programmes,Demand No. 70,2,Ministry of Minority Affairs,Free Coaching and Allied Scheme for Minorities,11.15,23.7,8.99,9
PART B: 30% Women specific programmes,Demand No. 70,3,Ministry of Minority Affairs,Skill Development Initiatives,80.54,70.62,30,0.03
PART B: 30% Women specific programmes,Demand No. 70,4,Ministry of Minority Affairs,Merit cum Means for professional and Technical Courses,103.73,97.5,107.41,13.2
PART B: 30% Women specific programmes,Demand No. 70,5,Ministry of Minority Affairs,Pre Matric Schollarship for Minorities,405.3,427.5,167.05,129.9
PART B: 30% Women specific programmes,Demand No. 70,6,Ministry of Minority Affairs,Post Matric Scholoarship for Minorities,123.56,154.4,154.4,319.5
PART B: 30% Women specific programmes,Demand No. 70,7,Ministry of Minority Affairs,Maulana Azad National Fellowship for Minority students,22.2,29.7,29.7,28.8
PART B: 30% Women specific programmes,Demand No. 70,8,Ministry of Minority Affairs,Nai Manzil,14.66,13.8,6,0.03
PART B: 30% Women specific programmes,Demand No. 70,9,Ministry of Minority Affairs,Upgrading Skill and Training in Traditional Arts/Crafts for Development,23,14.1,14.1,0.03
PART B: 30% Women specific programmes,Demand No. 70,10,Ministry of Minority Affairs,Interest Subsidy on Educational Loan for overseas studies,6.65,7.2,7.2,6.3
PART B: 30% Women specific programmes,Demand No. 70,11,Ministry of Minority Affairs,Education Scheme for Madarsas and Minorities,48.46,48,9,3
PART B: 30% Women specific programmes,Demand No. 70,NA,Ministry of Minority Affairs,Total,1219.31,1381.52,683.85,689.79
PART B: 30% Women specific programmes,Demand No. 71,1,Ministry of New and Renewable Energy,Biogas Programme,7.28,30,20,95
PART B: 30% Women specific programmes,Demand No. 71,2,Ministry of New and Renewable Energy,Human Resource Development and Training,20.01,30.93,20.01,47
PART B: 30% Women specific programmes,Demand No. 71,NA,Ministry of New and Renewable Energy,Total,27.29,60.93,40.01,142
PART B: 30% Women specific programmes,Demand No. 86,1,Ministry of Road Transport and Highways,Scheme for Safety of Women on Public Road Transport,0,20,0,0
PART B: 30% Women specific programmes,Demand No. 87,1,Department of Rural Development,National Rural Livelihood Mission-Aajeevika,4691.47,6668.21,6668.21,7064.89
PART B: 30% Women specific programmes,Demand No. 87,2,Department of Rural Development,Mahatma Gandhi National Rural Employment Guarantee Scheme,32822.62,26000,29800,25000
PART B: 30% Women specific programmes,Demand No. 87,NA,Department of Rural Development,Total,37514.09,32668.21,36468.21,32064.89
PART B: 30% Women specific programmes,Demand No. 92,1,Ministry of Skill Development and Entrepreneurship,Skill India Program,0,0,0,2278.37
PART B: 30% Women specific programmes,Demand No. 93,1,Department of Social Justice and Empowerment,Boys and Girls Hostels for OBCs,5.63,6,6,9
PART B: 30% Women specific programmes,Demand No. 93,2,Department of Social Justice and Empowerment,Post Matric Scholarship for SCs,593.57,1698,1698,1907.74
PART B: 30% Women specific programmes,Demand No. 93,3,Department of Social Justice and Empowerment,"Strengthening of Machinery for Enforcement of PCR Act, 1955 and PoA Act, 1989",183.03,180,150,150
PART B: 30% Women specific programmes,Demand No. 93,4,Department of Social Justice and Empowerment,National Scheduled Castes Finance and Development Corporations,0,20,0,4.5
PART B: 30% Women specific programmes,Demand No. 93,5,Department of Social Justice and Empowerment,National Safai Karamcharis Finance and Development Corporation,1.5,7.5,0,3
PART B: 30% Women specific programmes,Demand No. 93,6,Department of Social Justice and Empowerment,Self Employment Scheme for Liberation and Rehabilitation of Manual Scavengers,11.7,21,21,29.22
PART B: 30% Women specific programmes,Demand No. 93,7,Department of Social Justice and Empowerment,National Backward Classes Finance and Development Corporation,0,15,0,4.5
PART B: 30% Women specific programmes,Demand No. 93,8,Department of Social Justice and Empowerment,Pre Matric Scholarship for SCs and Others,171.12,150,150,150
PART B: 30% Women specific programmes,Demand No. 93,9,Department of Social Justice and Empowerment,Venture Capital Fund for SCs and OBCs,27,33,33,27.6
PART B: 30% Women specific programmes,Demand No. 93,10,Department of Social Justice and Empowerment,Atal Vayo Abhyuday Yojana,28.96,45,42,88.49
PART B: 30% Women specific programmes,Demand No. 93,11,Department of Social Justice and Empowerment,Scheme of Residential Education for Students in High School in Targeted Area (SRESHTA) for SCs,11.41,26.7,26.7,31.4
PART B: 30% Women specific programmes,Demand No. 93,12,Department of Social Justice and Empowerment,Pradhan Mantri Dakshta Aur Kushalta Sampann Hitgrahi (PM-DAKSH) Yojana,20.47,25.2,25.2,27.74
PART B: 30% Women specific programmes,Demand No. 93,13,Department of Social Justice and Empowerment,Scholarships for Higher Education for Young Achievers Scheme (SHREYAS) for SCs,14.72,10.8,15,15
PART B: 30% Women specific programmes,Demand No. 93,13,Department of Social Justice and Empowerment,Scholarships for Higher Education for Young Achievers Scheme (SHREYAS) for SCs,36.73,51.9,47.7,48.9
PART B: 30% Women specific programmes,Demand No. 93,13,Department of Social Justice and Empowerment,Scholarships for Higher Education for Young Achievers Scheme (SHREYAS) for SCs,4.49,14.1,8.1,14.1
PART B: 30% Women specific programmes,Demand No. 93,13,Department of Social Justice and Empowerment,Scholarships for Higher Education for Young Achievers Scheme (SHREYAS) for SCs,25.42,32.4,32.4,33.3
PART B: 30% Women specific programmes,Demand No. 93,14,Department of Social Justice and Empowerment,Scholarships for Higher Education for Young Achievers Scheme (SHREYAS) for OBCs and EBCs,8.01,8.1,8.1,8.7
PART B: 30% Women specific programmes,Demand No. 93,14,Department of Social Justice and Empowerment,Scholarships for Higher Education for Young Achievers Scheme (SHREYAS) for OBCs and EBCs,16.67,15.9,15.9,17.1
PART B: 30% Women specific programmes,Demand No. 93,15,Department of Social Justice and Empowerment,"Pradhan Mantri Young Achievers Scholarship Award Scheme for Vibrant India (PM YASASVI) for OBCs, EBCs and DNTs",395.99,324.9,324.9,326.1
PART B: 30% Women specific programmes,Demand No. 93,15,Department of Social Justice and Empowerment,"Pradhan Mantri Young Achievers Scholarship Award Scheme for Vibrant India (PM YASASVI) for OBCs, EBCs and DNTs",65.54,143.4,118.38,84.3
PART B: 30% Women specific programmes,Demand No. 93,16,Department of Social Justice and Empowerment,Pradhan Mantri Anusuchit Jaati Abhyuday Yojana (PM AJAY),546.1,585,318.72,615
PART B: 30% Women specific programmes,Demand No. 93,17,Department of Social Justice and Empowerment,Support for Marginalized Individuals for Livelihood and Enterprise (SMILE),0.02,4.5,4.5,6
PART B: 30% Women specific programmes,Demand No. 93,NA,Department of Social Justice and Empowerment,Total,2168.08,3418.4,3045.6,3601.69
PART B: 30% Women specific programmes,Demand No. 94,1,Department of Empowerment of Persons with Disabilities,Center for Disability Sports,1.64,18,16.8,18
PART B: 30% Women specific programmes,Demand No. 94,2,Department of Empowerment of Persons with Disabilities,Aids and Appliances for the Handicapped,59.42,70.5,69,73.5
PART B: 30% Women specific programmes,Demand No. 94,3,Department of Empowerment of Persons with Disabilities,Support to National Trust,8.45,10.5,9,10.5
PART B: 30% Women specific programmes,Demand No. 94,4,Department of Empowerment of Persons with Disabilities,Artificial Limb Manufacturing Corporation,15,0.03,0,0
PART B: 30% Women specific programmes,Demand No. 94,5,Department of Empowerment of Persons with Disabilities,National Institute for Disabled Persons,98.85,109.5,93,112.5
PART B: 30% Women specific programmes,Demand No. 94,6,Department of Empowerment of Persons with Disabilities,Implimentation of the Persons with Disabilities Act 1995,32.53,72.12,30,45
PART B: 30% Women specific programmes,Demand No. 94,7,Department of Empowerment of Persons with Disabilities,Deendayal Disabled Rehabilitation Schemes,30.27,37.5,31.5,39
PART B: 30% Women specific programmes,Demand No. 94,8,Department of Empowerment of Persons with Disabilities,Office of the Chief Commissioner for Handicapped,1.64,1.65,1.65,1.65
PART B: 30% Women specific programmes,Demand No. 94,9,Department of Empowerment of Persons with Disabilities,Rehabilitation Council of India,1.65,0.86,1.92,1.92
PART B: 30% Women specific programmes,Demand No. 94,10,Department of Empowerment of Persons with Disabilities,Scholarships for Stdents with Disabilities,36.01,31.5,43.5,46.5
PART B: 30% Women specific programmes,Demand No. 94,NA,Department of Empowerment of Persons with Disabilities,Total,285.46,352.16,296.37,348.57
PART B: 30% Women specific programmes,Demand No. 98,1,Ministry of Textiles,Development of Silk Industries,256.22,262.8,262.5,275.33
PART B: 30% Women specific programmes,Demand No. 98,2,Ministry of Textiles,National Handloom Development Programme,48.2,60,46.8,60
PART B: 30% Women specific programmes,Demand No. 98,3,Ministry of Textiles,Integrated Wool Development,1.88,4.5,4.5,8.13
PART B: 30% Women specific programmes,Demand No. 98,4,Ministry of Textiles,Raw Material Scheme,0,31.5,39,48
PART B: 30% Women specific programmes,Demand No. 98,NA,Ministry of Textiles,Total,306.3,358.8,352.8,391.46
PART B: 30% Women specific programmes,Demand No. 100,1,Ministry of Tribal Affairs,Post Matric Scholarship,677.32,589.5,589.5,591.23
PART B: 30% Women specific programmes,Demand No. 100,2,Ministry of Tribal Affairs,Pre- Matric Scholarship,118.25,125.7,107.19,123.49
PART B: 30% Women specific programmes,Demand No. 100,3,Ministry of Tribal Affairs,Special Central Asistance to Tribal Sub Plan,235.5,406.31,406.31,0
PART B: 30% Women specific programmes,Demand No. 100,4,Ministry of Tribal Affairs,Scheme under proviso to Article 275 (1) of the Constitution,277.04,405,277.5,441.63
PART B: 30% Women specific programmes,Demand No. 100,5,Ministry of Tribal Affairs,National Fellowship and Scholarship for Higher Education of ST Students,35.99,43.5,42,43.5
PART B: 30% Women specific programmes,Demand No. 100,6,Ministry of Tribal Affairs,Eklavya Model Residential School,317.32,600,600,1782.9
PART B: 30% Women specific programmes,Demand No. 100,7,Ministry of Tribal Affairs,Aid to Voluntary Organizations working for the welfare of Scheduled Tribes,26.83,33,33,42
PART B: 30% Women specific programmes,Demand No. 100,8,Ministry of Tribal Affairs,Development of Particularly Vulnerable Tribal Groups (PVTGs),48,75.6,37.44,76.84
PART B: 30% Women specific programmes,Demand No. 100,9,Ministry of Tribal Affairs,National Overseas Scholarship Scheme,1.49,1.2,1.2,1.2
PART B: 30% Women specific programmes,Demand No. 100,10,Ministry of Tribal Affairs,Pradhan Mantri Adi Adarsh Gram Yojana(PMAAGY),0,0,0,445.5
PART B: 30% Women specific programmes,Demand No. 100,NA,Ministry of Tribal Affairs,Total,1737.74,2279.81,2094.14,3548.29
PART B: 30% Women specific programmes,Demand No. 101,1,Ministry of Women and Child Development,National Institute of Public Cooperation and Child Development,26.68,34.08,30.6,33.6
PART B: 30% Women specific programmes,Demand No. 101,2,Ministry of Women and Child Development,Central Adoption Resource Agency,4,6,4.55,5.64
PART B: 30% Women specific programmes,Demand No. 101,3,Ministry of Women and Child Development,National Child Rights (NCPCR),10.3,12.65,11.82,12.75
PART B: 30% Women specific programmes,Demand No. 101,4,Ministry of Women and Child Development,Saksham Anganwadi and Poshan 2.0,13418.67,11752.58,14792.04,15004.65
PART B: 30% Women specific programmes,Demand No. 101,5,Ministry of Women and Child Development,Mission Vatsalya,456.65,883.3,660,883.3
PART B: 30% Women specific programmes,Demand No. 101,6,Ministry of Women and Child Development,Mission Shakti,0,56.25,35,85
PART B: 30% Women specific programmes,Demand No. 101,NA,Ministry of Women and Child Development,Total,13916.3,12744.86,15534.01,16024.94
PART B: 30% Women specific programmes,Demand No. 102,1,Ministry of Youth Affairs and Sports,Scouting and Guiding,0.11,0.45,0.23,0.45
PART B: 30% Women specific programmes,Demand No. 102,2,Ministry of Youth Affairs and Sports,Rajiv Gandhi National Institute of Youth Development,7.5,7.2,5.7,7.35
PART B: 30% Women specific programmes,Demand No. 102,3,Ministry of Youth Affairs and Sports,Scheme of Human Resource Development in Sports,0.25,1.2,1.2,0.9
PART B: 30% Women specific programmes,Demand No. 102,4,Ministry of Youth Affairs and Sports,National Programme for Youth and Adolescent Development,4.47,6.6,7.91,6.6
PART B: 30% Women specific programmes,Demand No. 102,5,Ministry of Youth Affairs and Sports,National Youth Corps,15.44,22.5,22.5,22.5
PART B: 30% Women specific programmes,Demand No. 102,6,Ministry of Youth Affairs and Sports,National Service Scheme,51.19,85.05,64.24,97.5
PART B: 30% Women specific programmes,Demand No. 102,7,Ministry of Youth Affairs and Sports,Youth Hostel,0.6,2.25,1.17,2.07
PART B: 30% Women specific programmes,Demand No. 102,8,Ministry of Youth Affairs and Sports,Nehru Yuva Kendra Sangathan,95.44,97.5,106.93,120.45
PART B: 30% Women specific programmes,Demand No. 102,NA,Ministry of Youth Affairs and Sports,Total,175,222.75,209.88,257.82
PART B Total :,PART B Total :,PART B Total :,PART B Total :,PART B Total :,113419.49,144233.58,127922.41,135175.54
Grand Total (PART A + PART B),Grand Total (PART A + PART B),Grand Total,Grand Total (PART A + PART B),Grand Total (PART A + PART B),209527.77,171006.47,218486.76,223219.75
